{"cameraMode":{"drawMode":0,"name":"Shaded","section":"Shading Mode"},"sceneLighting":true,"audioPlay":false,"sceneViewState":{"m_AlwaysRefresh":false,"showFog":true,"showSkybox":true,"showFlares":true,"showImageEffects":true,"showParticleSystems":true,"showVisualEffectGraphs":true,"m_FxEnabled":true},"in2DMode":false,"pivot":{"x":20.971986770629884,"y":-15.186227798461914,"z":43.73213195800781},"rotation":{"x":0.36692920327186587,"y":-0.029295044019818307,"z":0.011564607731997967,"w":0.9297288060188294},"size":38.85892105102539,"orthographic":false}